DEPTH,POROSITY,HOR_PERMEABILITY,VERT_PERMEABILITY,GRAIN_DENSITY,FORMATION_FACTOR,NITG_NR,UWI,SHORT_NM,ANALYSIS_NR,CORE_NR,LAB,LAB_NR,LAB_REPORT_DATE,REMARK,TOP_STRAT,BOTTOM_STRAT,STRAT_UNIT_CD,STRAT_UNIT_NM
679.3000,16.6000,31.0000,,2.6700,,B37H0712,1461,IJS-57,K-0001,1 t/m 2,KSEPL,,,,660.5000,711.5000,KNGLG,Holland Greensand Member
684.2000,26.2000,43.0000,,2.6200,,B37H0712,1461,IJS-57,K-0002,1 t/m 2,KSEPL,,,,660.5000,711.5000,KNGLG,Holland Greensand Member
684.5000,31.3000,120.0000,,2.6300,,B37H0712,1461,IJS-57,K-0003,1 t/m 2,KSEPL,,,,660.5000,711.5000,KNGLG,Holland Greensand Member
684.9000,29.1000,5.8000,,2.7000,,B37H0712,1461,IJS-57,K-0004,1 t/m 2,KSEPL,,,,660.5000,711.5000,KNGLG,Holland Greensand Member
685.1000,26.4000,30.0000,,2.6500,,B37H0712,1461,IJS-57,K-0005,1 t/m 2,KSEPL,,,,660.5000,711.5000,KNGLG,Holland Greensand Member
685.4000,28.3000,50.0000,,2.6200,,B37H0712,1461,IJS-57,K-0006,1 t/m 2,KSEPL,,,,660.5000,711.5000,KNGLG,Holland Greensand Member
685.4900,30.0000,48.0000,,2.6300,,B37H0712,1461,IJS-57,K-0006R,1 t/m 2,KSEPL,,,,660.5000,711.5000,KNGLG,Holland Greensand Member
685.8000,26.5000,28.0000,,2.6300,,B37H0712,1461,IJS-57,K-0007,1 t/m 2,KSEPL,,,,660.5000,711.5000,KNGLG,Holland Greensand Member
686.1000,26.6000,24.0000,,2.6200,,B37H0712,1461,IJS-57,K-0008,1 t/m 2,KSEPL,,,,660.5000,711.5000,KNGLG,Holland Greensand Member
686.3000,30.8000,91.0000,,2.6200,,B37H0712,1461,IJS-57,K-0009,1 t/m 2,KSEPL,,,,660.5000,711.5000,KNGLG,Holland Greensand Member
686.7000,29.5000,54.0000,,2.6300,,B37H0712,1461,IJS-57,K-0010,1 t/m 2,KSEPL,,,,660.5000,711.5000,KNGLG,Holland Greensand Member
687.0000,27.5000,40.0000,,2.6100,,B37H0712,1461,IJS-57,K-0011,1 t/m 2,KSEPL,,,,660.5000,711.5000,KNGLG,Holland Greensand Member
687.3000,27.3000,40.0000,,2.6400,,B37H0712,1461,IJS-57,K-0012,1 t/m 2,KSEPL,,,,660.5000,711.5000,KNGLG,Holland Greensand Member
687.5000,26.2000,40.0000,,2.6200,,B37H0712,1461,IJS-57,K-0013,1 t/m 2,KSEPL,,,,660.5000,711.5000,KNGLG,Holland Greensand Member
687.9000,28.4000,52.0000,,2.6300,,B37H0712,1461,IJS-57,K-0014,1 t/m 2,KSEPL,,,,660.5000,711.5000,KNGLG,Holland Greensand Member
688.1000,27.4000,35.0000,,2.6200,,B37H0712,1461,IJS-57,K-0015,1 t/m 2,KSEPL,,,,660.5000,711.5000,KNGLG,Holland Greensand Member
688.5000,25.7000,12.0000,,2.6300,,B37H0712,1461,IJS-57,K-0016,1 t/m 2,KSEPL,,,,660.5000,711.5000,KNGLG,Holland Greensand Member
688.8000,23.8000,8.5000,,2.6400,,B37H0712,1461,IJS-57,K-0017,1 t/m 2,KSEPL,,,,660.5000,711.5000,KNGLG,Holland Greensand Member
689.1000,28.1000,48.0000,,2.6300,,B37H0712,1461,IJS-57,K-0018,1 t/m 2,KSEPL,,,,660.5000,711.5000,KNGLG,Holland Greensand Member
689.4000,32.4000,230.0000,,2.6400,,B37H0712,1461,IJS-57,K-0019,1 t/m 2,KSEPL,,,,660.5000,711.5000,KNGLG,Holland Greensand Member
689.7000,31.6000,170.0000,,2.6700,,B37H0712,1461,IJS-57,K-0020,1 t/m 2,KSEPL,,,,660.5000,711.5000,KNGLG,Holland Greensand Member
689.9000,27.4000,68.0000,,2.6400,,B37H0712,1461,IJS-57,K-0021,1 t/m 2,KSEPL,,,,660.5000,711.5000,KNGLG,Holland Greensand Member
690.2000,28.5000,29.0000,,2.6400,,B37H0712,1461,IJS-57,K-0022,1 t/m 2,KSEPL,,,,660.5000,711.5000,KNGLG,Holland Greensand Member
690.5000,29.1000,53.0000,,2.6300,,B37H0712,1461,IJS-57,K-0023,1 t/m 2,KSEPL,,,,660.5000,711.5000,KNGLG,Holland Greensand Member
690.8000,27.8000,37.0000,,2.6500,,B37H0712,1461,IJS-57,K-0024,1 t/m 2,KSEPL,,,,660.5000,711.5000,KNGLG,Holland Greensand Member
691.1000,27.8000,52.0000,,2.6400,,B37H0712,1461,IJS-57,K-0025,1 t/m 2,KSEPL,,,,660.5000,711.5000,KNGLG,Holland Greensand Member
691.3000,30.5000,110.0000,,2.6400,,B37H0712,1461,IJS-57,K-0026,1 t/m 2,KSEPL,,,,660.5000,711.5000,KNGLG,Holland Greensand Member
691.7000,28.8000,37.0000,,2.6500,,B37H0712,1461,IJS-57,K-0027,1 t/m 2,KSEPL,,,,660.5000,711.5000,KNGLG,Holland Greensand Member
693.1000,27.7000,41.0000,,2.6500,,B37H0712,1461,IJS-57,K-0028,1 t/m 2,KSEPL,,,,660.5000,711.5000,KNGLG,Holland Greensand Member
693.3000,27.0000,36.0000,,2.6400,,B37H0712,1461,IJS-57,K-0029,1 t/m 2,KSEPL,,,,660.5000,711.5000,KNGLG,Holland Greensand Member
693.7000,29.6000,110.0000,,2.6500,,B37H0712,1461,IJS-57,K-0030,1 t/m 2,KSEPL,,,,660.5000,711.5000,KNGLG,Holland Greensand Member
694.0000,0.5000,,,3.3400,,B37H0712,1461,IJS-57,K-0031,1 t/m 2,KSEPL,,,,660.5000,711.5000,KNGLG,Holland Greensand Member
694.4000,25.8000,14.0000,,2.6600,,B37H0712,1461,IJS-57,K-0032,1 t/m 2,KSEPL,,,,660.5000,711.5000,KNGLG,Holland Greensand Member
694.6000,27.4000,43.0000,,2.6500,,B37H0712,1461,IJS-57,K-0033,1 t/m 2,KSEPL,,,,660.5000,711.5000,KNGLG,Holland Greensand Member
694.9000,27.7000,54.0000,,2.6500,,B37H0712,1461,IJS-57,K-0034,1 t/m 2,KSEPL,,,,660.5000,711.5000,KNGLG,Holland Greensand Member
695.3000,27.0000,45.0000,,2.6600,,B37H0712,1461,IJS-57,K-0035,1 t/m 2,KSEPL,,,,660.5000,711.5000,KNGLG,Holland Greensand Member
695.6000,26.9000,41.0000,,2.6600,,B37H0712,1461,IJS-57,K-0036,1 t/m 2,KSEPL,,,,660.5000,711.5000,KNGLG,Holland Greensand Member
695.9000,31.3000,160.0000,,2.6700,,B37H0712,1461,IJS-57,K-0037,1 t/m 2,KSEPL,,,,660.5000,711.5000,KNGLG,Holland Greensand Member
696.3900,33.9000,,,2.6500,,B37H0712,1461,IJS-57,K-0038N,1 t/m 2,KSEPL,,,,660.5000,711.5000,KNGLG,Holland Greensand Member
696.4000,31.9000,140.0000,,2.6500,,B37H0712,1461,IJS-57,K-0038,1 t/m 2,KSEPL,,,,660.5000,711.5000,KNGLG,Holland Greensand Member
696.7000,31.5000,190.0000,,2.6400,,B37H0712,1461,IJS-57,K-0039,1 t/m 2,KSEPL,,,,660.5000,711.5000,KNGLG,Holland Greensand Member
697.0000,29.2000,98.0000,,2.6400,,B37H0712,1461,IJS-57,K-0040,1 t/m 2,KSEPL,,,,660.5000,711.5000,KNGLG,Holland Greensand Member
697.4000,25.8000,35.0000,,2.6500,,B37H0712,1461,IJS-57,K-0041,1 t/m 2,KSEPL,,,,660.5000,711.5000,KNGLG,Holland Greensand Member
702.1000,,,,2.6600,,B37H0712,1461,IJS-57,K-0042,1 t/m 2,KSEPL,,,,660.5000,711.5000,KNGLG,Holland Greensand Member
702.4000,,,,2.6500,,B37H0712,1461,IJS-57,K-0043,1 t/m 2,KSEPL,,,,660.5000,711.5000,KNGLG,Holland Greensand Member
973.5000,30.4000,7200.0000,,2.6500,,B37H0712,1461,IJS-57,K-0044,1 t/m 2,KSEPL,,,,955.0000,1065.0000,KNNSY,IJsselmonde Sandstone Member
974.1000,31.1000,3900.0000,,2.6500,,B37H0712,1461,IJS-57,K-0045,1 t/m 2,KSEPL,,,,955.0000,1065.0000,KNNSY,IJsselmonde Sandstone Member
974.8000,32.7000,8000.0000,,2.6500,,B37H0712,1461,IJS-57,K-0046,1 t/m 2,KSEPL,,,,955.0000,1065.0000,KNNSY,IJsselmonde Sandstone Member
975.1000,31.8000,3200.0000,,2.6500,,B37H0712,1461,IJS-57,K-0047,1 t/m 2,KSEPL,,,,955.0000,1065.0000,KNNSY,IJsselmonde Sandstone Member
975.5000,30.7000,5800.0000,,2.6500,,B37H0712,1461,IJS-57,K-0048,1 t/m 2,KSEPL,,,,955.0000,1065.0000,KNNSY,IJsselmonde Sandstone Member
975.8000,,,,2.6500,,B37H0712,1461,IJS-57,K-0049,1 t/m 2,KSEPL,,,,955.0000,1065.0000,KNNSY,IJsselmonde Sandstone Member
976.1000,,,,2.6500,,B37H0712,1461,IJS-57,K-0050,1 t/m 2,KSEPL,,,,955.0000,1065.0000,KNNSY,IJsselmonde Sandstone Member
983.5000,16.3000,190.0000,,2.6500,,B37H0712,1461,IJS-57,K-0051,1 t/m 2,KSEPL,,,,955.0000,1065.0000,KNNSY,IJsselmonde Sandstone Member
983.8000,31.1000,2200.0000,,2.6500,,B37H0712,1461,IJS-57,K-0052,1 t/m 2,KSEPL,,,,955.0000,1065.0000,KNNSY,IJsselmonde Sandstone Member
984.2000,29.6000,3100.0000,,2.6500,,B37H0712,1461,IJS-57,K-0053,1 t/m 2,KSEPL,,,,955.0000,1065.0000,KNNSY,IJsselmonde Sandstone Member
984.5000,31.3000,2000.0000,,2.6700,,B37H0712,1461,IJS-57,K-0054,1 t/m 2,KSEPL,,,,955.0000,1065.0000,KNNSY,IJsselmonde Sandstone Member
984.9000,30.9000,2300.0000,,2.6500,,B37H0712,1461,IJS-57,K-0055,1 t/m 2,KSEPL,,,,955.0000,1065.0000,KNNSY,IJsselmonde Sandstone Member
984.9500,32.3000,1200.0000,,,,B37H0712,1461,IJS-57,K-0055A,1 t/m 2,KSEPL,,,,955.0000,1065.0000,KNNSY,IJsselmonde Sandstone Member
985.6000,32.7000,2500.0000,,2.6600,,B37H0712,1461,IJS-57,K-0056,1 t/m 2,KSEPL,,,,955.0000,1065.0000,KNNSY,IJsselmonde Sandstone Member
985.9000,32.1000,1400.0000,,2.6900,,B37H0712,1461,IJS-57,K-0057,1 t/m 2,KSEPL,,,,955.0000,1065.0000,KNNSY,IJsselmonde Sandstone Member
986.3000,32.9000,1900.0000,,2.6800,,B37H0712,1461,IJS-57,K-0058,1 t/m 2,KSEPL,,,,955.0000,1065.0000,KNNSY,IJsselmonde Sandstone Member
986.6000,29.1000,1600.0000,,2.7000,,B37H0712,1461,IJS-57,K-0059,1 t/m 2,KSEPL,,,,955.0000,1065.0000,KNNSY,IJsselmonde Sandstone Member
987.0000,31.8000,1500.0000,,2.7000,,B37H0712,1461,IJS-57,K-0060,1 t/m 2,KSEPL,,,,955.0000,1065.0000,KNNSY,IJsselmonde Sandstone Member
987.3000,34.0000,2000.0000,,2.6600,,B37H0712,1461,IJS-57,K-0061,1 t/m 2,KSEPL,,,,955.0000,1065.0000,KNNSY,IJsselmonde Sandstone Member
987.7000,29.4000,1700.0000,,2.6700,,B37H0712,1461,IJS-57,K-0062,1 t/m 2,KSEPL,,,,955.0000,1065.0000,KNNSY,IJsselmonde Sandstone Member
988.1000,30.9000,1700.0000,,2.7000,,B37H0712,1461,IJS-57,K-0063,1 t/m 2,KSEPL,,,,955.0000,1065.0000,KNNSY,IJsselmonde Sandstone Member
988.3000,33.3000,1400.0000,,2.6600,,B37H0712,1461,IJS-57,K-0064,1 t/m 2,KSEPL,,,,955.0000,1065.0000,KNNSY,IJsselmonde Sandstone Member
1001.8000,32.9000,1600.0000,,2.6700,,B37H0712,1461,IJS-57,K-0065,1 t/m 2,KSEPL,,,,955.0000,1065.0000,KNNSY,IJsselmonde Sandstone Member
1002.1000,31.6000,1100.0000,,2.6600,,B37H0712,1461,IJS-57,K-0066,1 t/m 2,KSEPL,,,,955.0000,1065.0000,KNNSY,IJsselmonde Sandstone Member
1011.3000,29.3000,1000.0000,,2.6600,,B37H0712,1461,IJS-57,K-0067,1 t/m 2,KSEPL,,,,955.0000,1065.0000,KNNSY,IJsselmonde Sandstone Member
1011.6000,24.0000,270.0000,,2.8200,,B37H0712,1461,IJS-57,K-0068,1 t/m 2,KSEPL,,,,955.0000,1065.0000,KNNSY,IJsselmonde Sandstone Member
1012.0000,19.4000,43.0000,,2.8500,,B37H0712,1461,IJS-57,K-0069,1 t/m 2,KSEPL,,,,955.0000,1065.0000,KNNSY,IJsselmonde Sandstone Member
1012.3000,30.2000,1300.0000,,2.6600,,B37H0712,1461,IJS-57,K-0070,1 t/m 2,KSEPL,,,,955.0000,1065.0000,KNNSY,IJsselmonde Sandstone Member
1012.7000,31.7000,1300.0000,,2.6600,,B37H0712,1461,IJS-57,K-0071,1 t/m 2,KSEPL,,,,955.0000,1065.0000,KNNSY,IJsselmonde Sandstone Member
1012.7600,30.5000,,,2.6600,,B37H0712,1461,IJS-57,K-0071N,1 t/m 2,KSEPL,,,,955.0000,1065.0000,KNNSY,IJsselmonde Sandstone Member
1012.7800,31.8000,835.0000,,2.6500,,B37H0712,1461,IJS-57,K-0071R,1 t/m 2,KSEPL,,,,955.0000,1065.0000,KNNSY,IJsselmonde Sandstone Member
1016.3000,29.4000,890.0000,,2.6500,,B37H0712,1461,IJS-57,K-0072,1 t/m 2,KSEPL,,,,955.0000,1065.0000,KNNSY,IJsselmonde Sandstone Member
1016.6000,27.1000,400.0000,,2.6600,,B37H0712,1461,IJS-57,K-0073,1 t/m 2,KSEPL,,,,955.0000,1065.0000,KNNSY,IJsselmonde Sandstone Member
1017.1000,28.9000,520.0000,,2.6700,,B37H0712,1461,IJS-57,K-0074,1 t/m 2,KSEPL,,,,955.0000,1065.0000,KNNSY,IJsselmonde Sandstone Member
1017.4000,28.9000,560.0000,,2.6400,,B37H0712,1461,IJS-57,K-0075,1 t/m 2,KSEPL,,,,955.0000,1065.0000,KNNSY,IJsselmonde Sandstone Member
1017.8000,30.3000,715.0000,,2.6500,,B37H0712,1461,IJS-57,K-0076,1 t/m 2,KSEPL,,,,955.0000,1065.0000,KNNSY,IJsselmonde Sandstone Member
1018.2000,25.2000,210.0000,,2.6700,,B37H0712,1461,IJS-57,K-0077,1 t/m 2,KSEPL,,,,955.0000,1065.0000,KNNSY,IJsselmonde Sandstone Member
1018.5000,29.7000,670.0000,,2.6600,,B37H0712,1461,IJS-57,K-0078,1 t/m 2,KSEPL,,,,955.0000,1065.0000,KNNSY,IJsselmonde Sandstone Member
1018.8000,25.5000,150.0000,,2.6500,,B37H0712,1461,IJS-57,K-0079,1 t/m 2,KSEPL,,,,955.0000,1065.0000,KNNSY,IJsselmonde Sandstone Member
1019.3000,24.4000,130.0000,,2.6600,,B37H0712,1461,IJS-57,K-0080,1 t/m 2,KSEPL,,,,955.0000,1065.0000,KNNSY,IJsselmonde Sandstone Member
1019.7000,17.6000,0.8100,,2.6800,,B37H0712,1461,IJS-57,K-0081,1 t/m 2,KSEPL,,,,955.0000,1065.0000,KNNSY,IJsselmonde Sandstone Member
1021.3000,13.6000,0.6400,,2.6600,,B37H0712,1461,IJS-57,K-0082,1 t/m 2,KSEPL,,,,955.0000,1065.0000,KNNSY,IJsselmonde Sandstone Member
1022.4000,13.3000,0.1400,,2.6900,,B37H0712,1461,IJS-57,K-0083,1 t/m 2,KSEPL,,,,955.0000,1065.0000,KNNSY,IJsselmonde Sandstone Member
1023.0000,24.7000,5.7000,,2.6600,,B37H0712,1461,IJS-57,K-0084,1 t/m 2,KSEPL,,,,955.0000,1065.0000,KNNSY,IJsselmonde Sandstone Member
1023.5800,25.5000,,,2.6600,,B37H0712,1461,IJS-57,K-0085N,1 t/m 2,KSEPL,,,,955.0000,1065.0000,KNNSY,IJsselmonde Sandstone Member
1023.6000,25.6000,190.0000,,2.6600,,B37H0712,1461,IJS-57,K-0085,1 t/m 2,KSEPL,,,,955.0000,1065.0000,KNNSY,IJsselmonde Sandstone Member
1024.0000,20.7000,12.0000,,2.6500,,B37H0712,1461,IJS-57,K-0086,1 t/m 2,KSEPL,,,,955.0000,1065.0000,KNNSY,IJsselmonde Sandstone Member
1024.3000,27.8000,190.0000,,2.6500,,B37H0712,1461,IJS-57,K-0087,1 t/m 2,KSEPL,,,,955.0000,1065.0000,KNNSY,IJsselmonde Sandstone Member
1024.9000,25.4000,140.0000,,2.6600,,B37H0712,1461,IJS-57,K-0088,1 t/m 2,KSEPL,,,,955.0000,1065.0000,KNNSY,IJsselmonde Sandstone Member
1025.1000,27.1000,240.0000,,2.6500,,B37H0712,1461,IJS-57,K-0089,1 t/m 2,KSEPL,,,,955.0000,1065.0000,KNNSY,IJsselmonde Sandstone Member
1025.5000,23.7000,86.0000,,2.6600,,B37H0712,1461,IJS-57,K-0090,1 t/m 2,KSEPL,,,,955.0000,1065.0000,KNNSY,IJsselmonde Sandstone Member
1026.3000,26.0000,340.0000,,2.6700,,B37H0712,1461,IJS-57,K-0091,1 t/m 2,KSEPL,,,,955.0000,1065.0000,KNNSY,IJsselmonde Sandstone Member
1030.3000,29.0000,490.0000,,2.6500,,B37H0712,1461,IJS-57,K-0092,1 t/m 2,KSEPL,,,,955.0000,1065.0000,KNNSY,IJsselmonde Sandstone Member
1030.6000,25.9000,150.0000,,2.6500,,B37H0712,1461,IJS-57,K-0093,1 t/m 2,KSEPL,,,,955.0000,1065.0000,KNNSY,IJsselmonde Sandstone Member
1030.9000,28.1000,190.0000,,2.6600,,B37H0712,1461,IJS-57,K-0094,1 t/m 2,KSEPL,,,,955.0000,1065.0000,KNNSY,IJsselmonde Sandstone Member
1031.3000,5.9000,87.0000,,3.1100,,B37H0712,1461,IJS-57,K-0095,1 t/m 2,KSEPL,,,,955.0000,1065.0000,KNNSY,IJsselmonde Sandstone Member
1031.6000,34.5000,850.0000,,2.6600,,B37H0712,1461,IJS-57,K-0096,1 t/m 2,KSEPL,,,,955.0000,1065.0000,KNNSY,IJsselmonde Sandstone Member
1031.8000,32.0000,780.0000,,,,B37H0712,1461,IJS-57,K-0096A,1 t/m 2,KSEPL,,,,955.0000,1065.0000,KNNSY,IJsselmonde Sandstone Member
1032.1000,28.4000,430.0000,,2.6500,,B37H0712,1461,IJS-57,K-0097,1 t/m 2,KSEPL,,,,955.0000,1065.0000,KNNSY,IJsselmonde Sandstone Member
1032.5000,20.4000,15.0000,,2.6800,,B37H0712,1461,IJS-57,K-0098,1 t/m 2,KSEPL,,,,955.0000,1065.0000,KNNSY,IJsselmonde Sandstone Member
1032.8000,24.0000,110.0000,,2.6500,,B37H0712,1461,IJS-57,K-0099,1 t/m 2,KSEPL,,,,955.0000,1065.0000,KNNSY,IJsselmonde Sandstone Member
1033.3000,27.0000,390.0000,,2.6500,,B37H0712,1461,IJS-57,K-0100,1 t/m 2,KSEPL,,,,955.0000,1065.0000,KNNSY,IJsselmonde Sandstone Member
1033.6000,24.7000,120.0000,,2.6400,,B37H0712,1461,IJS-57,K-0101,1 t/m 2,KSEPL,,,,955.0000,1065.0000,KNNSY,IJsselmonde Sandstone Member
1034.1000,24.4000,40.0000,,2.6600,,B37H0712,1461,IJS-57,K-0102,1 t/m 2,KSEPL,,,,955.0000,1065.0000,KNNSY,IJsselmonde Sandstone Member
1034.7000,27.3000,370.0000,,2.7200,,B37H0712,1461,IJS-57,K-0103,1 t/m 2,KSEPL,,,,955.0000,1065.0000,KNNSY,IJsselmonde Sandstone Member
1035.3000,25.5000,220.0000,,2.6500,,B37H0712,1461,IJS-57,K-0104,1 t/m 2,KSEPL,,,,955.0000,1065.0000,KNNSY,IJsselmonde Sandstone Member
1035.8000,23.9000,130.0000,,2.6500,,B37H0712,1461,IJS-57,K-0105,1 t/m 2,KSEPL,,,,955.0000,1065.0000,KNNSY,IJsselmonde Sandstone Member
1036.2000,24.4000,210.0000,,2.6600,,B37H0712,1461,IJS-57,K-0106,1 t/m 2,KSEPL,,,,955.0000,1065.0000,KNNSY,IJsselmonde Sandstone Member
1036.5000,20.2000,58.0000,,2.6700,,B37H0712,1461,IJS-57,K-0107,1 t/m 2,KSEPL,,,,955.0000,1065.0000,KNNSY,IJsselmonde Sandstone Member
1036.8000,20.7000,34.0000,,2.6600,,B37H0712,1461,IJS-57,K-0108,1 t/m 2,KSEPL,,,,955.0000,1065.0000,KNNSY,IJsselmonde Sandstone Member
1037.2000,27.3000,150.0000,,2.6500,,B37H0712,1461,IJS-57,K-0109,1 t/m 2,KSEPL,,,,955.0000,1065.0000,KNNSY,IJsselmonde Sandstone Member
1037.5000,23.7000,160.0000,,2.6500,,B37H0712,1461,IJS-57,K-0110,1 t/m 2,KSEPL,,,,955.0000,1065.0000,KNNSY,IJsselmonde Sandstone Member
1037.9000,26.8000,410.0000,,2.6500,,B37H0712,1461,IJS-57,K-0111,1 t/m 2,KSEPL,,,,955.0000,1065.0000,KNNSY,IJsselmonde Sandstone Member
1038.3000,27.5000,160.0000,,2.6500,,B37H0712,1461,IJS-57,K-0112,1 t/m 2,KSEPL,,,,955.0000,1065.0000,KNNSY,IJsselmonde Sandstone Member
1038.6000,29.4000,400.0000,,2.6500,,B37H0712,1461,IJS-57,K-0113,1 t/m 2,KSEPL,,,,955.0000,1065.0000,KNNSY,IJsselmonde Sandstone Member
1038.7500,31.5000,720.0000,,,,B37H0712,1461,IJS-57,K-0113A,1 t/m 2,KSEPL,,,,955.0000,1065.0000,KNNSY,IJsselmonde Sandstone Member
1039.2000,27.5000,420.0000,,2.6500,,B37H0712,1461,IJS-57,K-0114,1 t/m 2,KSEPL,,,,955.0000,1065.0000,KNNSY,IJsselmonde Sandstone Member
1039.5000,27.2000,270.0000,,2.6400,,B37H0712,1461,IJS-57,K-0115,1 t/m 2,KSEPL,,,,955.0000,1065.0000,KNNSY,IJsselmonde Sandstone Member
1039.9000,26.1000,230.0000,,2.6400,,B37H0712,1461,IJS-57,K-0116,1 t/m 2,KSEPL,,,,955.0000,1065.0000,KNNSY,IJsselmonde Sandstone Member
1040.2000,25.9000,260.0000,,2.6400,,B37H0712,1461,IJS-57,K-0117,1 t/m 2,KSEPL,,,,955.0000,1065.0000,KNNSY,IJsselmonde Sandstone Member
1040.5000,26.4000,190.0000,,2.6400,,B37H0712,1461,IJS-57,K-0118,1 t/m 2,KSEPL,,,,955.0000,1065.0000,KNNSY,IJsselmonde Sandstone Member
1041.1000,22.0000,69.0000,,2.6500,,B37H0712,1461,IJS-57,K-0119,1 t/m 2,KSEPL,,,,955.0000,1065.0000,KNNSY,IJsselmonde Sandstone Member
1042.1000,22.7000,62.0000,,2.6600,,B37H0712,1461,IJS-57,K-0120,1 t/m 2,KSEPL,,,,955.0000,1065.0000,KNNSY,IJsselmonde Sandstone Member
1042.4000,20.2000,42.0000,,2.6500,,B37H0712,1461,IJS-57,K-0121,1 t/m 2,KSEPL,,,,955.0000,1065.0000,KNNSY,IJsselmonde Sandstone Member
1042.8000,21.6000,8.0000,,2.6600,,B37H0712,1461,IJS-57,K-0122,1 t/m 2,KSEPL,,,,955.0000,1065.0000,KNNSY,IJsselmonde Sandstone Member
1043.2000,23.6000,74.0000,,2.6400,,B37H0712,1461,IJS-57,K-0123,1 t/m 2,KSEPL,,,,955.0000,1065.0000,KNNSY,IJsselmonde Sandstone Member
1043.5000,22.7000,93.0000,,2.6500,,B37H0712,1461,IJS-57,K-0124,1 t/m 2,KSEPL,,,,955.0000,1065.0000,KNNSY,IJsselmonde Sandstone Member
1043.8000,17.3000,1.2000,,2.6600,,B37H0712,1461,IJS-57,K-0125,1 t/m 2,KSEPL,,,,955.0000,1065.0000,KNNSY,IJsselmonde Sandstone Member
1047.4000,,,,2.6600,,B37H0712,1461,IJS-57,K-0126,1 t/m 2,KSEPL,,,,955.0000,1065.0000,KNNSY,IJsselmonde Sandstone Member
1048.6000,25.9000,120.0000,,2.6400,,B37H0712,1461,IJS-57,K-0127,1 t/m 2,KSEPL,,,,955.0000,1065.0000,KNNSY,IJsselmonde Sandstone Member
1048.8000,19.1000,170.0000,,,,B37H0712,1461,IJS-57,K-0127A,1 t/m 2,KSEPL,,,,955.0000,1065.0000,KNNSY,IJsselmonde Sandstone Member
1053.0900,31.4000,,,2.6400,,B37H0712,1461,IJS-57,K-0128N,1 t/m 2,KSEPL,,,,955.0000,1065.0000,KNNSY,IJsselmonde Sandstone Member
1053.1000,26.1000,91.0000,,2.6400,,B37H0712,1461,IJS-57,K-0128,1 t/m 2,KSEPL,,,,955.0000,1065.0000,KNNSY,IJsselmonde Sandstone Member
1053.1100,30.2000,360.0000,,2.6600,,B37H0712,1461,IJS-57,K-0128R,1 t/m 2,KSEPL,,,,955.0000,1065.0000,KNNSY,IJsselmonde Sandstone Member
1053.4000,26.7000,96.0000,,2.5400,,B37H0712,1461,IJS-57,K-0129,1 t/m 2,KSEPL,,,,955.0000,1065.0000,KNNSY,IJsselmonde Sandstone Member
1053.7000,21.4000,12.0000,,2.6400,,B37H0712,1461,IJS-57,K-0130,1 t/m 2,KSEPL,,,,955.0000,1065.0000,KNNSY,IJsselmonde Sandstone Member
1054.2000,25.0000,68.0000,,2.6400,,B37H0712,1461,IJS-57,K-0131,1 t/m 2,KSEPL,,,,955.0000,1065.0000,KNNSY,IJsselmonde Sandstone Member
1054.5000,22.8000,240.0000,,2.7200,,B37H0712,1461,IJS-57,K-0132,1 t/m 2,KSEPL,,,,955.0000,1065.0000,KNNSY,IJsselmonde Sandstone Member
1054.8000,25.8000,69.0000,,2.6500,,B37H0712,1461,IJS-57,K-0133,1 t/m 2,KSEPL,,,,955.0000,1065.0000,KNNSY,IJsselmonde Sandstone Member
1055.2000,26.3000,55.0000,,2.6300,,B37H0712,1461,IJS-57,K-0134,1 t/m 2,KSEPL,,,,955.0000,1065.0000,KNNSY,IJsselmonde Sandstone Member
1056.1000,24.7000,67.0000,,2.6500,,B37H0712,1461,IJS-57,K-0135,1 t/m 2,KSEPL,,,,955.0000,1065.0000,KNNSY,IJsselmonde Sandstone Member
1056.3500,25.9000,130.0000,,,,B37H0712,1461,IJS-57,K-0135A,1 t/m 2,KSEPL,,,,955.0000,1065.0000,KNNSY,IJsselmonde Sandstone Member
1056.4000,25.1000,170.0000,,2.6500,,B37H0712,1461,IJS-57,K-0136,1 t/m 2,KSEPL,,,,955.0000,1065.0000,KNNSY,IJsselmonde Sandstone Member
1056.8000,21.9000,38.0000,,2.6400,,B37H0712,1461,IJS-57,K-0137,1 t/m 2,KSEPL,,,,955.0000,1065.0000,KNNSY,IJsselmonde Sandstone Member
1057.2000,33.0000,750.0000,,2.6500,,B37H0712,1461,IJS-57,K-0138,1 t/m 2,KSEPL,,,,955.0000,1065.0000,KNNSY,IJsselmonde Sandstone Member
1057.6000,28.3000,490.0000,,2.6500,,B37H0712,1461,IJS-57,K-0139,1 t/m 2,KSEPL,,,,955.0000,1065.0000,KNNSY,IJsselmonde Sandstone Member
1058.2000,26.3000,100.0000,,2.6300,,B37H0712,1461,IJS-57,K-0140,1 t/m 2,KSEPL,,,,955.0000,1065.0000,KNNSY,IJsselmonde Sandstone Member
1062.5000,30.3000,450.0000,,2.6500,,B37H0712,1461,IJS-57,K-0141,1 t/m 2,KSEPL,,,,955.0000,1065.0000,KNNSY,IJsselmonde Sandstone Member
1062.8000,23.8000,420.0000,,2.6300,,B37H0712,1461,IJS-57,K-0142,1 t/m 2,KSEPL,,,,955.0000,1065.0000,KNNSY,IJsselmonde Sandstone Member
1063.4000,15.2000,0.2500,,2.6600,,B37H0712,1461,IJS-57,K-0143,1 t/m 2,KSEPL,,,,955.0000,1065.0000,KNNSY,IJsselmonde Sandstone Member
1064.5000,17.0000,1.6000,,2.6600,,B37H0712,1461,IJS-57,K-0144,1 t/m 2,KSEPL,,,,955.0000,1065.0000,KNNSY,IJsselmonde Sandstone Member
1065.4000,14.2000,13.0000,,2.6900,,B37H0712,1461,IJS-57,K-0145,1 t/m 2,KSEPL,,,,1065.0000,1132.0000,SLDNA,Alblasserdam Member
1065.7000,19.1000,7.8000,,2.6800,,B37H0712,1461,IJS-57,K-0146,1 t/m 2,KSEPL,,,,1065.0000,1132.0000,SLDNA,Alblasserdam Member
1066.2000,19.8000,50.0000,,2.6700,,B37H0712,1461,IJS-57,K-0147,1 t/m 2,KSEPL,,,,1065.0000,1132.0000,SLDNA,Alblasserdam Member
1066.7000,23.0000,59.0000,,2.6600,,B37H0712,1461,IJS-57,K-0148,1 t/m 2,KSEPL,,,,1065.0000,1132.0000,SLDNA,Alblasserdam Member
1067.4000,22.8000,220.0000,,2.6700,,B37H0712,1461,IJS-57,K-0149,1 t/m 2,KSEPL,,,,1065.0000,1132.0000,SLDNA,Alblasserdam Member
1067.9000,21.0000,110.0000,,2.6500,,B37H0712,1461,IJS-57,K-0150,1 t/m 2,KSEPL,,,,1065.0000,1132.0000,SLDNA,Alblasserdam Member
1068.4000,18.3000,1.5000,,2.6400,,B37H0712,1461,IJS-57,K-0151,1 t/m 2,KSEPL,,,,1065.0000,1132.0000,SLDNA,Alblasserdam Member
1068.8000,17.2000,41.0000,,2.6500,,B37H0712,1461,IJS-57,K-0152,1 t/m 2,KSEPL,,,,1065.0000,1132.0000,SLDNA,Alblasserdam Member
1069.4000,,,,2.6600,,B37H0712,1461,IJS-57,K-0153,1 t/m 2,KSEPL,,,,1065.0000,1132.0000,SLDNA,Alblasserdam Member
